{
    "input_dim": 5,
    "output_dim": 2,
    "weights": [
        0.8737978018489856,
        -0.8544936472492659,
        1.2519259874145852,
        -1.6092546711852767,
        0.6263845930247586,
        0.5493195116976294,
        -0.5291330552979041,
        -1.4654489036559775,
        0.20586615876380582,
        -0.6118665228728027
    ],
    "bias": [
        0.6999785200048971,
        0.21669109641112222
    ]
}